incRNA,Diseases,Chromosome,pubMed
-,-,-,-
-,-,-,-
-,-,-,-
-,-,-,-
-,-,-,-
-,-,-,-
-,-,-,-
-,-,-,-
-,-,-,-
-,-,-,-
-,-,-,-
-,-,-,-
-,-,-,-
-,-,-,-
-,-,-,-
-,-,-,-
-,-,-,-
-,-,-,-
-,-,-,-
-,-,-,-
-,-,-,-
-,-,-,-
-,-,-,-
-,-,-,-
-,-,-,-
-,-,-,-
-,-,-,-
-,-,-,-
-,-,-,-
-,-,-,-
-,-,-,-
-,-,-,-
-,-,-,-
-,-,-,-
-,-,-,-
-,-,-,-
-,-,-,-
-,-,-,-
-,-,-,-
-,-,-,-
-,-,-,-
-,-,-,-
-,-,-,-
-,-,-,-
-,-,-,-
-,-,-,-
-,-,-,-
-,-,-,-
-,-,-,-
-,-,-,-
-,-,-,-
-,-,-,-
-,-,-,-
-,-,-,-
-,-,-,-
-,-,-,-
-,-,-,-
-,-,-,-
-,-,-,-
-,-,-,-
-,-,-,-
-,-,-,-
-,-,-,-
-,-,-,-
-,-,-,-
-,-,-,-
-,-,-,-
-,-,-,-
-,-,-,-
-,-,-,-
-,-,-,-
-,-,-,-
-,-,-,-
-,-,-,-
-,-,-,-
-,-,-,-
-,-,-,-
-,-,-,-
-,-,-,-
-,-,-,-
-,-,-,-
-,-,-,-
-,-,-,-
-,-,-,-
-,-,-,-
-,-,-,-
-,-,-,-
-,-,-,-
-,-,-,-
-,-,-,-
-,-,-,-
-,-,-,-
-,-,-,-
-,-,-,-
-,-,-,-
-,-,-,-
-,-,-,-
-,-,-,-
-,-,-,-
-,-,-,-
-,-,-,-
-,-,-,-
-,-,-,-
-,-,-,-
-,-,-,-
-,-,-,-
-,-,-,-
-,-,-,-
-,-,-,-
-,-,-,-
-,-,-,-
-,-,-,-
-,-,-,-
-,-,-,-
-,-,-,-
-,-,-,-
-,-,-,-
-,-,-,-
-,-,-,-
-,-,-,-
-,-,-,-
-,-,-,-
-,-,-,-
-,-,-,-
-,-,-,-
-,-,-,-
-,-,-,-
-,-,-,-
-,-,-,-
-,-,-,-
-,-,-,-
-,-,-,-
-,-,-,-
-,-,-,-
-,-,-,-
-,-,-,-
-,-,-,-
-,-,-,-
-,-,-,-
-,-,-,-
-,-,-,-
-,-,-,-
-,-,-,-
-,-,-,-
-,-,-,-
-,-,-,-
-,-,-,-
-,-,-,-
-,-,-,-
-,-,-,-
-,-,-,-
-,-,-,-
-,-,-,-
-,-,-,-
-,-,-,-
-,-,-,-
-,-,-,-
-,-,-,-
-,-,-,-
-,-,-,-
-,-,-,-
-,-,-,-
-,-,-,-
-,-,-,-
-,-,-,-
-,-,-,-
-,-,-,-
-,-,-,-
-,-,-,-
-,-,-,-
-,-,-,-
-,-,-,-
-,-,-,-
-,-,-,-
-,-,-,-
-,-,-,-
-,-,-,-
-,-,-,-
-,-,-,-
-,-,-,-
-,-,-,-
-,-,-,-
-,-,-,-
-,-,-,-
-,-,-,-
-,-,-,-
-,-,-,-
-,-,-,-
-,-,-,-
-,-,-,-
-,-,-,-
-,-,-,-
-,-,-,-
-,-,-,-
-,-,-,-
-,-,-,-
-,-,-,-
-,-,-,-
-,-,-,-
-,-,-,-
-,-,-,-
-,-,-,-
-,-,-,-
-,-,-,-
-,-,-,-
NONHSAT031707.2,Kawasaki disease,chr12,24371310
-,-,-,-
-,-,-,-
-,-,-,-
-,-,-,-
-,-,-,-
-,-,-,-
-,-,-,-
-,-,-,-
-,-,-,-
-,-,-,-
-,-,-,-
-,-,-,-
-,-,-,-
-,-,-,-
-,-,-,-
NONHSAT104079.2,myelodysplastic syndrome,chr5,19240791
-,-,-,-
-,-,-,-
-,-,-,-
-,-,-,-
-,-,-,-
-,-,-,-
-,-,-,-
-,-,-,-
-,-,-,-
-,-,-,-
-,-,-,-
-,-,-,-
-,-,-,-
-,-,-,-
-,-,-,-
-,-,-,-
-,-,-,-
-,-,-,-
-,-,-,-
-,-,-,-
-,-,-,-
-,-,-,-
-,-,-,-
-,-,-,-
-,-,-,-
-,-,-,-
-,-,-,-
-,-,-,-
-,-,-,-
-,-,-,-
-,-,-,-
-,-,-,-
-,-,-,-
-,-,-,-
-,-,-,-
-,-,-,-
-,-,-,-
-,-,-,-
-,-,-,-
-,-,-,-
-,-,-,-
-,-,-,-
-,-,-,-
-,-,-,-
-,-,-,-
-,-,-,-
-,-,-,-
-,-,-,-
-,-,-,-
-,-,-,-
-,-,-,-
-,-,-,-
-,-,-,-
-,-,-,-
-,-,-,-
-,-,-,-
-,-,-,-
-,-,-,-
-,-,-,-
-,-,-,-
-,-,-,-
-,-,-,-
-,-,-,-
-,-,-,-
-,-,-,-
-,-,-,-
-,-,-,-
-,-,-,-
-,-,-,-
-,-,-,-
-,-,-,-
-,-,-,-
-,-,-,-
-,-,-,-
-,-,-,-
-,-,-,-
-,-,-,-
-,-,-,-
-,-,-,-
-,-,-,-
-,-,-,-
-,-,-,-
-,-,-,-
-,-,-,-
-,-,-,-
-,-,-,-
-,-,-,-
-,-,-,-
-,-,-,-
-,-,-,-
-,-,-,-
-,-,-,-
-,-,-,-
-,-,-,-
-,-,-,-
-,-,-,-
-,-,-,-
-,-,-,-
-,-,-,-
-,-,-,-
-,-,-,-
-,-,-,-
-,-,-,-
-,-,-,-
-,-,-,-
-,-,-,-
-,-,-,-
-,-,-,-
-,-,-,-
-,-,-,-
-,-,-,-
-,-,-,-
-,-,-,-
-,-,-,-
-,-,-,-
-,-,-,-
-,-,-,-
-,-,-,-
-,-,-,-
-,-,-,-
-,-,-,-
-,-,-,-
-,-,-,-
-,-,-,-
-,-,-,-
-,-,-,-
-,-,-,-
-,-,-,-
-,-,-,-
-,-,-,-
-,-,-,-
-,-,-,-
-,-,-,-
-,-,-,-
-,-,-,-
-,-,-,-
-,-,-,-
-,-,-,-
-,-,-,-
-,-,-,-
-,-,-,-
-,-,-,-
-,-,-,-
-,-,-,-
-,-,-,-
-,-,-,-
-,-,-,-
-,-,-,-
-,-,-,-
-,-,-,-
-,-,-,-
-,-,-,-
-,-,-,-
-,-,-,-
-,-,-,-
-,-,-,-
-,-,-,-
-,-,-,-
-,-,-,-
-,-,-,-
-,-,-,-
-,-,-,-
-,-,-,-
-,-,-,-
-,-,-,-
-,-,-,-
-,-,-,-
-,-,-,-
-,-,-,-
-,-,-,-
-,-,-,-
-,-,-,-
-,-,-,-
-,-,-,-
-,-,-,-
-,-,-,-
-,-,-,-
-,-,-,-
-,-,-,-
-,-,-,-
-,-,-,-
-,-,-,-
-,-,-,-
-,-,-,-
-,-,-,-
-,-,-,-
-,-,-,-
-,-,-,-
-,-,-,-
-,-,-,-
-,-,-,-
-,-,-,-
-,-,-,-
-,-,-,-
-,-,-,-
-,-,-,-
-,-,-,-
-,-,-,-
-,-,-,-
-,-,-,-
-,-,-,-
-,-,-,-
-,-,-,-
-,-,-,-
-,-,-,-
-,-,-,-
-,-,-,-
-,-,-,-
-,-,-,-
-,-,-,-
-,-,-,-
-,-,-,-
-,-,-,-
-,-,-,-
-,-,-,-
-,-,-,-
-,-,-,-
-,-,-,-
-,-,-,-
-,-,-,-
-,-,-,-
-,-,-,-
-,-,-,-
-,-,-,-
-,-,-,-
-,-,-,-
-,-,-,-
-,-,-,-
-,-,-,-
-,-,-,-
-,-,-,-
-,-,-,-
-,-,-,-
-,-,-,-
-,-,-,-
-,-,-,-
-,-,-,-
-,-,-,-
-,-,-,-
-,-,-,-
-,-,-,-
-,-,-,-
-,-,-,-
-,-,-,-
-,-,-,-
-,-,-,-
-,-,-,-
-,-,-,-
-,-,-,-
-,-,-,-
-,-,-,-
-,-,-,-
-,-,-,-
-,-,-,-
-,-,-,-
-,-,-,-
-,-,-,-
-,-,-,-
-,-,-,-
-,-,-,-
-,-,-,-
-,-,-,-
-,-,-,-
-,-,-,-
-,-,-,-
-,-,-,-
-,-,-,-
-,-,-,-
-,-,-,-
-,-,-,-
-,-,-,-
-,-,-,-
-,-,-,-
-,-,-,-
-,-,-,-
-,-,-,-
-,-,-,-
-,-,-,-
-,-,-,-
-,-,-,-
-,-,-,-
-,-,-,-
-,-,-,-
-,-,-,-
-,-,-,-
-,-,-,-
-,-,-,-
-,-,-,-
-,-,-,-
-,-,-,-
-,-,-,-
-,-,-,-
-,-,-,-
-,-,-,-
-,-,-,-
-,-,-,-
-,-,-,-
-,-,-,-
-,-,-,-
-,-,-,-
-,-,-,-
-,-,-,-
-,-,-,-
-,-,-,-
-,-,-,-
-,-,-,-
-,-,-,-
-,-,-,-
-,-,-,-
-,-,-,-
-,-,-,-
-,-,-,-
-,-,-,-
-,-,-,-
-,-,-,-
-,-,-,-
-,-,-,-
-,-,-,-
-,-,-,-
-,-,-,-
-,-,-,-
-,-,-,-
-,-,-,-
-,-,-,-
-,-,-,-
-,-,-,-
-,-,-,-
-,-,-,-
-,-,-,-
-,-,-,-
-,-,-,-
-,-,-,-
-,-,-,-
-,-,-,-
-,-,-,-
-,-,-,-
-,-,-,-
-,-,-,-
-,-,-,-
-,-,-,-
-,-,-,-
-,-,-,-
-,-,-,-
-,-,-,-
-,-,-,-
-,-,-,-
-,-,-,-
-,-,-,-
-,-,-,-
-,-,-,-
-,-,-,-
-,-,-,-
-,-,-,-
-,-,-,-
-,-,-,-
-,-,-,-
-,-,-,-
-,-,-,-
-,-,-,-
-,-,-,-
-,-,-,-
-,-,-,-
-,-,-,-
-,-,-,-
-,-,-,-
-,-,-,-
-,-,-,-
-,-,-,-
-,-,-,-
-,-,-,-
-,-,-,-
-,-,-,-
-,-,-,-
-,-,-,-
-,-,-,-
-,-,-,-
-,-,-,-
-,-,-,-
-,-,-,-
-,-,-,-
-,-,-,-
-,-,-,-
-,-,-,-
-,-,-,-
-,-,-,-
-,-,-,-
-,-,-,-
-,-,-,-
-,-,-,-
-,-,-,-
-,-,-,-
-,-,-,-
-,-,-,-
-,-,-,-
-,-,-,-
-,-,-,-
-,-,-,-
-,-,-,-
-,-,-,-
-,-,-,-
-,-,-,-
-,-,-,-
-,-,-,-
-,-,-,-
-,-,-,-
-,-,-,-
-,-,-,-
-,-,-,-
-,-,-,-
-,-,-,-
-,-,-,-
-,-,-,-
-,-,-,-
-,-,-,-
-,-,-,-
-,-,-,-
-,-,-,-
-,-,-,-
-,-,-,-
-,-,-,-
-,-,-,-
-,-,-,-
-,-,-,-
-,-,-,-
-,-,-,-
-,-,-,-
-,-,-,-
-,-,-,-
-,-,-,-
-,-,-,-
-,-,-,-
-,-,-,-
-,-,-,-
-,-,-,-
-,-,-,-
-,-,-,-
-,-,-,-
-,-,-,-
-,-,-,-
-,-,-,-
-,-,-,-
-,-,-,-
-,-,-,-
-,-,-,-
-,-,-,-
-,-,-,-
-,-,-,-
-,-,-,-
-,-,-,-
-,-,-,-
-,-,-,-
-,-,-,-
-,-,-,-
-,-,-,-
-,-,-,-
-,-,-,-
-,-,-,-
-,-,-,-
-,-,-,-
-,-,-,-
-,-,-,-
-,-,-,-
-,-,-,-
-,-,-,-
-,-,-,-
-,-,-,-
-,-,-,-
-,-,-,-
-,-,-,-
-,-,-,-
-,-,-,-
-,-,-,-
-,-,-,-
-,-,-,-
-,-,-,-
-,-,-,-
-,-,-,-
-,-,-,-
-,-,-,-
-,-,-,-
-,-,-,-
-,-,-,-
-,-,-,-
-,-,-,-
-,-,-,-
-,-,-,-
-,-,-,-
-,-,-,-
-,-,-,-
-,-,-,-
-,-,-,-
-,-,-,-
-,-,-,-
-,-,-,-
-,-,-,-
-,-,-,-
-,-,-,-
-,-,-,-
-,-,-,-
-,-,-,-
-,-,-,-
-,-,-,-
-,-,-,-
-,-,-,-
-,-,-,-
-,-,-,-
-,-,-,-
-,-,-,-
-,-,-,-
-,-,-,-
-,-,-,-
-,-,-,-
-,-,-,-
-,-,-,-
-,-,-,-
-,-,-,-
-,-,-,-
-,-,-,-
-,-,-,-
-,-,-,-
-,-,-,-
-,-,-,-
-,-,-,-
-,-,-,-
-,-,-,-
-,-,-,-
-,-,-,-
-,-,-,-
-,-,-,-
-,-,-,-
-,-,-,-
-,-,-,-
-,-,-,-
-,-,-,-
-,-,-,-
-,-,-,-
-,-,-,-
-,-,-,-
-,-,-,-
-,-,-,-
-,-,-,-
-,-,-,-
-,-,-,-
-,-,-,-
-,-,-,-
-,-,-,-
-,-,-,-
-,-,-,-
-,-,-,-
-,-,-,-
-,-,-,-
-,-,-,-
-,-,-,-
-,-,-,-
-,-,-,-
-,-,-,-
-,-,-,-
-,-,-,-
-,-,-,-
-,-,-,-
-,-,-,-
-,-,-,-
-,-,-,-
-,-,-,-
-,-,-,-
-,-,-,-
-,-,-,-
-,-,-,-
-,-,-,-
-,-,-,-
-,-,-,-
-,-,-,-
-,-,-,-
-,-,-,-
-,-,-,-
-,-,-,-
-,-,-,-
-,-,-,-
-,-,-,-
-,-,-,-
-,-,-,-
-,-,-,-
-,-,-,-
-,-,-,-
-,-,-,-
-,-,-,-
-,-,-,-
-,-,-,-
-,-,-,-
-,-,-,-
-,-,-,-
-,-,-,-
-,-,-,-
-,-,-,-
-,-,-,-
-,-,-,-
-,-,-,-
-,-,-,-
-,-,-,-
-,-,-,-
-,-,-,-
-,-,-,-
-,-,-,-
-,-,-,-
-,-,-,-
-,-,-,-
-,-,-,-
-,-,-,-
-,-,-,-
-,-,-,-
-,-,-,-
-,-,-,-
-,-,-,-
-,-,-,-
-,-,-,-
-,-,-,-
-,-,-,-
-,-,-,-
-,-,-,-
-,-,-,-
-,-,-,-
-,-,-,-
-,-,-,-
-,-,-,-
-,-,-,-
-,-,-,-
-,-,-,-
-,-,-,-
-,-,-,-
-,-,-,-
-,-,-,-
-,-,-,-
-,-,-,-
-,-,-,-
-,-,-,-
-,-,-,-
-,-,-,-
-,-,-,-
-,-,-,-
-,-,-,-
-,-,-,-
-,-,-,-
-,-,-,-
-,-,-,-
-,-,-,-
-,-,-,-
-,-,-,-
-,-,-,-
-,-,-,-
-,-,-,-
-,-,-,-
-,-,-,-
-,-,-,-
-,-,-,-
-,-,-,-
-,-,-,-
-,-,-,-
-,-,-,-
-,-,-,-
-,-,-,-
-,-,-,-
-,-,-,-
-,-,-,-
-,-,-,-
-,-,-,-
-,-,-,-
-,-,-,-
-,-,-,-
-,-,-,-
-,-,-,-
-,-,-,-
-,-,-,-
-,-,-,-
-,-,-,-
-,-,-,-
-,-,-,-
-,-,-,-
-,-,-,-
-,-,-,-
-,-,-,-
-,-,-,-
-,-,-,-
-,-,-,-
-,-,-,-
-,-,-,-
-,-,-,-
-,-,-,-
-,-,-,-
-,-,-,-
-,-,-,-
-,-,-,-
-,-,-,-
-,-,-,-
-,-,-,-
-,-,-,-
-,-,-,-
-,-,-,-
-,-,-,-
-,-,-,-
-,-,-,-
-,-,-,-
-,-,-,-
-,-,-,-
-,-,-,-
-,-,-,-
-,-,-,-
-,-,-,-
-,-,-,-
-,-,-,-
-,-,-,-
-,-,-,-
-,-,-,-
-,-,-,-
-,-,-,-
-,-,-,-
-,-,-,-
-,-,-,-
-,-,-,-
-,-,-,-
-,-,-,-
-,-,-,-
-,-,-,-
-,-,-,-
-,-,-,-
-,-,-,-
-,-,-,-
-,-,-,-
-,-,-,-
-,-,-,-
-,-,-,-
-,-,-,-
-,-,-,-
-,-,-,-
-,-,-,-
-,-,-,-
-,-,-,-
-,-,-,-
-,-,-,-
-,-,-,-
-,-,-,-
-,-,-,-
-,-,-,-
-,-,-,-
-,-,-,-
-,-,-,-
-,-,-,-
-,-,-,-
-,-,-,-
-,-,-,-
-,-,-,-
-,-,-,-
-,-,-,-
-,-,-,-
-,-,-,-
-,-,-,-
-,-,-,-
-,-,-,-
-,-,-,-
-,-,-,-
-,-,-,-
-,-,-,-
-,-,-,-
-,-,-,-
-,-,-,-
-,-,-,-
-,-,-,-
-,-,-,-
-,-,-,-
-,-,-,-
-,-,-,-
-,-,-,-
-,-,-,-
-,-,-,-
-,-,-,-
-,-,-,-
-,-,-,-
-,-,-,-
-,-,-,-
-,-,-,-
-,-,-,-
-,-,-,-
-,-,-,-
-,-,-,-
-,-,-,-
-,-,-,-
-,-,-,-
-,-,-,-
-,-,-,-
-,-,-,-
-,-,-,-
-,-,-,-
-,-,-,-
-,-,-,-
-,-,-,-
-,-,-,-
-,-,-,-
-,-,-,-
-,-,-,-
-,-,-,-
-,-,-,-
-,-,-,-
-,-,-,-
-,-,-,-
-,-,-,-
-,-,-,-
-,-,-,-
-,-,-,-
-,-,-,-
-,-,-,-
-,-,-,-
-,-,-,-
-,-,-,-
-,-,-,-
-,-,-,-
-,-,-,-
-,-,-,-
-,-,-,-
-,-,-,-
-,-,-,-
-,-,-,-
-,-,-,-
-,-,-,-
-,-,-,-
-,-,-,-
-,-,-,-
-,-,-,-
-,-,-,-
-,-,-,-
-,-,-,-
-,-,-,-
-,-,-,-
-,-,-,-
-,-,-,-
-,-,-,-
-,-,-,-
-,-,-,-
-,-,-,-
-,-,-,-
-,-,-,-
-,-,-,-
-,-,-,-
-,-,-,-
-,-,-,-
-,-,-,-
-,-,-,-
-,-,-,-
-,-,-,-
-,-,-,-
-,-,-,-
-,-,-,-
-,-,-,-
-,-,-,-
-,-,-,-
-,-,-,-
-,-,-,-
-,-,-,-
-,-,-,-
-,-,-,-
-,-,-,-
-,-,-,-
-,-,-,-
-,-,-,-
-,-,-,-
-,-,-,-
-,-,-,-
-,-,-,-
-,-,-,-
-,-,-,-
-,-,-,-
-,-,-,-
-,-,-,-
-,-,-,-
-,-,-,-
-,-,-,-
-,-,-,-
-,-,-,-
-,-,-,-
-,-,-,-
-,-,-,-
-,-,-,-
-,-,-,-
-,-,-,-
-,-,-,-
-,-,-,-
-,-,-,-
-,-,-,-
-,-,-,-
-,-,-,-
-,-,-,-
-,-,-,-
-,-,-,-
-,-,-,-
-,-,-,-
-,-,-,-
-,-,-,-
-,-,-,-
-,-,-,-
-,-,-,-
-,-,-,-
-,-,-,-
-,-,-,-
-,-,-,-
-,-,-,-
-,-,-,-
-,-,-,-
-,-,-,-
-,-,-,-
-,-,-,-
-,-,-,-
-,-,-,-
-,-,-,-
-,-,-,-
-,-,-,-
-,-,-,-
-,-,-,-
-,-,-,-
-,-,-,-
-,-,-,-
-,-,-,-
-,-,-,-
-,-,-,-
-,-,-,-
-,-,-,-
-,-,-,-
-,-,-,-
-,-,-,-
-,-,-,-
-,-,-,-
-,-,-,-
-,-,-,-
-,-,-,-
-,-,-,-
-,-,-,-
-,-,-,-
-,-,-,-
-,-,-,-
-,-,-,-
-,-,-,-
-,-,-,-
-,-,-,-
-,-,-,-
-,-,-,-
-,-,-,-
-,-,-,-
-,-,-,-
-,-,-,-
-,-,-,-
-,-,-,-
-,-,-,-
-,-,-,-
-,-,-,-
-,-,-,-
-,-,-,-
-,-,-,-
-,-,-,-
-,-,-,-
-,-,-,-
-,-,-,-
-,-,-,-
-,-,-,-
-,-,-,-
-,-,-,-
-,-,-,-
-,-,-,-
-,-,-,-
-,-,-,-
-,-,-,-
-,-,-,-
-,-,-,-
-,-,-,-
-,-,-,-
-,-,-,-
-,-,-,-
-,-,-,-
-,-,-,-
-,-,-,-
-,-,-,-
-,-,-,-
-,-,-,-
-,-,-,-
-,-,-,-
-,-,-,-
-,-,-,-
-,-,-,-
-,-,-,-
-,-,-,-
-,-,-,-
-,-,-,-
-,-,-,-
-,-,-,-
-,-,-,-
-,-,-,-
-,-,-,-
-,-,-,-
-,-,-,-
-,-,-,-
-,-,-,-
-,-,-,-
-,-,-,-
-,-,-,-
-,-,-,-
-,-,-,-
-,-,-,-
-,-,-,-
-,-,-,-
-,-,-,-
-,-,-,-
-,-,-,-
-,-,-,-
-,-,-,-
-,-,-,-
-,-,-,-
-,-,-,-
-,-,-,-
-,-,-,-
-,-,-,-
-,-,-,-
-,-,-,-
-,-,-,-
-,-,-,-
-,-,-,-
-,-,-,-
-,-,-,-
-,-,-,-
-,-,-,-
-,-,-,-
-,-,-,-
-,-,-,-
-,-,-,-
-,-,-,-
-,-,-,-
-,-,-,-
-,-,-,-
-,-,-,-
-,-,-,-
-,-,-,-
-,-,-,-
-,-,-,-
-,-,-,-
-,-,-,-
-,-,-,-
-,-,-,-
-,-,-,-
-,-,-,-
-,-,-,-
-,-,-,-
-,-,-,-
-,-,-,-
-,-,-,-
-,-,-,-
-,-,-,-
-,-,-,-
-,-,-,-
-,-,-,-
-,-,-,-
-,-,-,-
-,-,-,-
-,-,-,-
-,-,-,-
-,-,-,-
-,-,-,-
-,-,-,-
-,-,-,-
-,-,-,-
-,-,-,-
-,-,-,-
-,-,-,-
-,-,-,-
-,-,-,-
-,-,-,-
-,-,-,-
-,-,-,-
-,-,-,-
-,-,-,-
-,-,-,-
-,-,-,-
-,-,-,-
-,-,-,-
-,-,-,-
-,-,-,-
-,-,-,-
-,-,-,-
-,-,-,-
-,-,-,-
-,-,-,-
-,-,-,-
-,-,-,-
-,-,-,-
-,-,-,-
-,-,-,-
-,-,-,-
-,-,-,-
-,-,-,-
-,-,-,-
-,-,-,-
-,-,-,-
-,-,-,-
-,-,-,-
-,-,-,-
-,-,-,-
-,-,-,-
-,-,-,-
-,-,-,-
-,-,-,-
-,-,-,-
-,-,-,-
-,-,-,-
-,-,-,-
-,-,-,-
-,-,-,-
-,-,-,-
-,-,-,-
-,-,-,-
-,-,-,-
-,-,-,-
-,-,-,-
-,-,-,-
-,-,-,-
-,-,-,-
-,-,-,-
-,-,-,-
-,-,-,-
-,-,-,-
-,-,-,-
-,-,-,-
-,-,-,-
-,-,-,-
-,-,-,-
-,-,-,-
-,-,-,-
-,-,-,-
-,-,-,-
-,-,-,-
-,-,-,-
-,-,-,-
-,-,-,-
-,-,-,-
-,-,-,-
-,-,-,-
-,-,-,-
-,-,-,-
-,-,-,-
-,-,-,-
-,-,-,-
-,-,-,-
-,-,-,-
-,-,-,-
-,-,-,-
-,-,-,-
-,-,-,-
-,-,-,-
-,-,-,-
-,-,-,-
-,-,-,-
-,-,-,-
-,-,-,-
-,-,-,-
-,-,-,-
-,-,-,-
-,-,-,-
-,-,-,-
-,-,-,-
-,-,-,-
-,-,-,-
-,-,-,-
-,-,-,-
-,-,-,-
-,-,-,-
-,-,-,-
-,-,-,-
-,-,-,-
-,-,-,-
-,-,-,-
-,-,-,-
-,-,-,-
-,-,-,-
-,-,-,-
-,-,-,-
-,-,-,-
-,-,-,-
-,-,-,-
-,-,-,-
-,-,-,-
-,-,-,-
-,-,-,-
-,-,-,-
-,-,-,-
-,-,-,-
-,-,-,-
-,-,-,-
-,-,-,-
-,-,-,-
-,-,-,-
-,-,-,-
-,-,-,-
-,-,-,-
-,-,-,-
-,-,-,-
-,-,-,-
-,-,-,-
-,-,-,-
-,-,-,-
-,-,-,-
-,-,-,-
-,-,-,-
-,-,-,-
-,-,-,-
-,-,-,-
-,-,-,-
-,-,-,-
-,-,-,-
-,-,-,-
-,-,-,-
-,-,-,-
-,-,-,-
-,-,-,-
-,-,-,-
-,-,-,-
-,-,-,-
-,-,-,-
-,-,-,-
-,-,-,-
-,-,-,-
-,-,-,-
-,-,-,-
-,-,-,-
-,-,-,-
-,-,-,-
-,-,-,-
-,-,-,-
-,-,-,-
-,-,-,-
-,-,-,-
-,-,-,-
-,-,-,-
-,-,-,-
-,-,-,-
-,-,-,-
-,-,-,-
-,-,-,-
-,-,-,-
-,-,-,-
-,-,-,-
-,-,-,-
-,-,-,-
-,-,-,-
-,-,-,-
-,-,-,-
-,-,-,-
-,-,-,-
-,-,-,-
-,-,-,-
-,-,-,-
-,-,-,-
-,-,-,-
-,-,-,-
-,-,-,-
-,-,-,-
-,-,-,-
-,-,-,-
-,-,-,-
-,-,-,-
-,-,-,-
-,-,-,-
-,-,-,-
-,-,-,-
-,-,-,-
-,-,-,-
-,-,-,-
-,-,-,-
-,-,-,-
-,-,-,-
-,-,-,-
-,-,-,-
-,-,-,-
-,-,-,-
-,-,-,-
-,-,-,-
-,-,-,-
-,-,-,-
-,-,-,-
-,-,-,-
-,-,-,-
-,-,-,-
-,-,-,-
-,-,-,-
-,-,-,-
-,-,-,-
-,-,-,-
-,-,-,-
-,-,-,-
-,-,-,-
-,-,-,-
-,-,-,-
-,-,-,-
-,-,-,-
-,-,-,-
-,-,-,-
-,-,-,-
-,-,-,-
-,-,-,-
-,-,-,-
-,-,-,-
-,-,-,-
-,-,-,-
-,-,-,-
-,-,-,-
-,-,-,-
-,-,-,-
-,-,-,-
-,-,-,-
-,-,-,-
-,-,-,-
-,-,-,-
-,-,-,-
-,-,-,-
-,-,-,-
-,-,-,-
-,-,-,-
-,-,-,-
-,-,-,-
-,-,-,-
-,-,-,-
-,-,-,-
-,-,-,-
-,-,-,-
-,-,-,-
-,-,-,-
-,-,-,-
-,-,-,-
-,-,-,-
-,-,-,-
-,-,-,-
-,-,-,-
-,-,-,-
-,-,-,-
-,-,-,-
-,-,-,-
-,-,-,-
-,-,-,-
-,-,-,-
-,-,-,-
-,-,-,-
-,-,-,-
-,-,-,-
-,-,-,-
-,-,-,-
-,-,-,-
-,-,-,-
-,-,-,-
-,-,-,-
-,-,-,-
-,-,-,-
-,-,-,-
-,-,-,-
-,-,-,-
-,-,-,-
-,-,-,-
-,-,-,-
-,-,-,-
-,-,-,-
-,-,-,-
-,-,-,-
-,-,-,-
-,-,-,-
-,-,-,-
-,-,-,-
-,-,-,-
-,-,-,-
-,-,-,-
-,-,-,-
-,-,-,-
-,-,-,-
-,-,-,-
-,-,-,-
-,-,-,-
-,-,-,-
-,-,-,-
-,-,-,-
-,-,-,-
-,-,-,-
-,-,-,-
-,-,-,-
-,-,-,-
-,-,-,-
-,-,-,-
-,-,-,-
-,-,-,-
-,-,-,-
-,-,-,-
-,-,-,-
-,-,-,-
-,-,-,-
-,-,-,-
-,-,-,-
-,-,-,-
-,-,-,-
-,-,-,-
-,-,-,-
-,-,-,-
NONHSAT137550.2,Klinefelter's syndrome,chrX,18854511
-,-,-,-
-,-,-,-
-,-,-,-
-,-,-,-
-,-,-,-
-,-,-,-
-,-,-,-
-,-,-,-
-,-,-,-
-,-,-,-
-,-,-,-
-,-,-,-
-,-,-,-
-,-,-,-
-,-,-,-
-,-,-,-
-,-,-,-
-,-,-,-
-,-,-,-
-,-,-,-
-,-,-,-
-,-,-,-
-,-,-,-
-,-,-,-
-,-,-,-
-,-,-,-
-,-,-,-
-,-,-,-
-,-,-,-
-,-,-,-
-,-,-,-
-,-,-,-
-,-,-,-
-,-,-,-
-,-,-,-
-,-,-,-
-,-,-,-
-,-,-,-
-,-,-,-
-,-,-,-
-,-,-,-
-,-,-,-
-,-,-,-
-,-,-,-
-,-,-,-
-,-,-,-
-,-,-,-
-,-,-,-
-,-,-,-
-,-,-,-
-,-,-,-
-,-,-,-
-,-,-,-
-,-,-,-
-,-,-,-
-,-,-,-
-,-,-,-
-,-,-,-
-,-,-,-
-,-,-,-
-,-,-,-
-,-,-,-
-,-,-,-
-,-,-,-
-,-,-,-
-,-,-,-
-,-,-,-
-,-,-,-
-,-,-,-
-,-,-,-
-,-,-,-
-,-,-,-
-,-,-,-
-,-,-,-
-,-,-,-
-,-,-,-
-,-,-,-
-,-,-,-
-,-,-,-
-,-,-,-
-,-,-,-
-,-,-,-
-,-,-,-
-,-,-,-
-,-,-,-
-,-,-,-
-,-,-,-
-,-,-,-
-,-,-,-
-,-,-,-
-,-,-,-
-,-,-,-
-,-,-,-
-,-,-,-
-,-,-,-
-,-,-,-
-,-,-,-
-,-,-,-
-,-,-,-
-,-,-,-
-,-,-,-
-,-,-,-
-,-,-,-
-,-,-,-
-,-,-,-
-,-,-,-
-,-,-,-
-,-,-,-
-,-,-,-
-,-,-,-
-,-,-,-
-,-,-,-
-,-,-,-
-,-,-,-
-,-,-,-
-,-,-,-
-,-,-,-
-,-,-,-
-,-,-,-
-,-,-,-
-,-,-,-
-,-,-,-
-,-,-,-
-,-,-,-
-,-,-,-
-,-,-,-
-,-,-,-
-,-,-,-
-,-,-,-
-,-,-,-
-,-,-,-
-,-,-,-
-,-,-,-
-,-,-,-
-,-,-,-
-,-,-,-
-,-,-,-
-,-,-,-
-,-,-,-
-,-,-,-
-,-,-,-
-,-,-,-
-,-,-,-
-,-,-,-
-,-,-,-
-,-,-,-
-,-,-,-
-,-,-,-
-,-,-,-
-,-,-,-
-,-,-,-
-,-,-,-
-,-,-,-
-,-,-,-
-,-,-,-
-,-,-,-
-,-,-,-
-,-,-,-
-,-,-,-
-,-,-,-
-,-,-,-
-,-,-,-
-,-,-,-
-,-,-,-
-,-,-,-
-,-,-,-
-,-,-,-
-,-,-,-
-,-,-,-
-,-,-,-
-,-,-,-
-,-,-,-
-,-,-,-
-,-,-,-
-,-,-,-
-,-,-,-
-,-,-,-
-,-,-,-
-,-,-,-
-,-,-,-
-,-,-,-
-,-,-,-
-,-,-,-
-,-,-,-
-,-,-,-
-,-,-,-
-,-,-,-
-,-,-,-
-,-,-,-
-,-,-,-
-,-,-,-
-,-,-,-
-,-,-,-
-,-,-,-
-,-,-,-
-,-,-,-
-,-,-,-
-,-,-,-
-,-,-,-
-,-,-,-
-,-,-,-
-,-,-,-
-,-,-,-
-,-,-,-
-,-,-,-
-,-,-,-
-,-,-,-
-,-,-,-
-,-,-,-
-,-,-,-
-,-,-,-
-,-,-,-
-,-,-,-
-,-,-,-
-,-,-,-
-,-,-,-
-,-,-,-
-,-,-,-
-,-,-,-
-,-,-,-
-,-,-,-
-,-,-,-
-,-,-,-
-,-,-,-
-,-,-,-
-,-,-,-
-,-,-,-
-,-,-,-
-,-,-,-
-,-,-,-
-,-,-,-
-,-,-,-
-,-,-,-
-,-,-,-
-,-,-,-
-,-,-,-
-,-,-,-
-,-,-,-
-,-,-,-
-,-,-,-
-,-,-,-
-,-,-,-
-,-,-,-
-,-,-,-
-,-,-,-
-,-,-,-
-,-,-,-
-,-,-,-
-,-,-,-
-,-,-,-
-,-,-,-
-,-,-,-
-,-,-,-
-,-,-,-
-,-,-,-
-,-,-,-
-,-,-,-
-,-,-,-
-,-,-,-
-,-,-,-
-,-,-,-
-,-,-,-
-,-,-,-
-,-,-,-
-,-,-,-
-,-,-,-
-,-,-,-
-,-,-,-
-,-,-,-
-,-,-,-
-,-,-,-
-,-,-,-
-,-,-,-
-,-,-,-
-,-,-,-
-,-,-,-
-,-,-,-
-,-,-,-
-,-,-,-
-,-,-,-
-,-,-,-
-,-,-,-
-,-,-,-
-,-,-,-
-,-,-,-
-,-,-,-
-,-,-,-
-,-,-,-
-,-,-,-
-,-,-,-
-,-,-,-
-,-,-,-
-,-,-,-
-,-,-,-
-,-,-,-
-,-,-,-
-,-,-,-
-,-,-,-
-,-,-,-
-,-,-,-
-,-,-,-
-,-,-,-
-,-,-,-
-,-,-,-
-,-,-,-
-,-,-,-
-,-,-,-
-,-,-,-
-,-,-,-
-,-,-,-
-,-,-,-
-,-,-,-
-,-,-,-
-,-,-,-
-,-,-,-
-,-,-,-
-,-,-,-
-,-,-,-
-,-,-,-
-,-,-,-
-,-,-,-
-,-,-,-
-,-,-,-
-,-,-,-
-,-,-,-
-,-,-,-
-,-,-,-
-,-,-,-
-,-,-,-
-,-,-,-
-,-,-,-
-,-,-,-
-,-,-,-
-,-,-,-
-,-,-,-
-,-,-,-
-,-,-,-
-,-,-,-
-,-,-,-
-,-,-,-
-,-,-,-
-,-,-,-
-,-,-,-
-,-,-,-
-,-,-,-
-,-,-,-
-,-,-,-
-,-,-,-
-,-,-,-
-,-,-,-
-,-,-,-
-,-,-,-
-,-,-,-
-,-,-,-
-,-,-,-
-,-,-,-
-,-,-,-
-,-,-,-
-,-,-,-
-,-,-,-
-,-,-,-
-,-,-,-
-,-,-,-
-,-,-,-
-,-,-,-
-,-,-,-
-,-,-,-
-,-,-,-
-,-,-,-
-,-,-,-
-,-,-,-
-,-,-,-
-,-,-,-
-,-,-,-
-,-,-,-
-,-,-,-
-,-,-,-
-,-,-,-
-,-,-,-
-,-,-,-
-,-,-,-
-,-,-,-
-,-,-,-
-,-,-,-
-,-,-,-
-,-,-,-
-,-,-,-
-,-,-,-
-,-,-,-
-,-,-,-
-,-,-,-
-,-,-,-
-,-,-,-
-,-,-,-
-,-,-,-
-,-,-,-
-,-,-,-
-,-,-,-
-,-,-,-
-,-,-,-
-,-,-,-
-,-,-,-
-,-,-,-
-,-,-,-
-,-,-,-
-,-,-,-
-,-,-,-
-,-,-,-
-,-,-,-
-,-,-,-
-,-,-,-
-,-,-,-
-,-,-,-
-,-,-,-
-,-,-,-
-,-,-,-
-,-,-,-
-,-,-,-
-,-,-,-
-,-,-,-
-,-,-,-
-,-,-,-
-,-,-,-
-,-,-,-
-,-,-,-
-,-,-,-
-,-,-,-
-,-,-,-
-,-,-,-
-,-,-,-
-,-,-,-
-,-,-,-
-,-,-,-
-,-,-,-
-,-,-,-
-,-,-,-
-,-,-,-
-,-,-,-
-,-,-,-
-,-,-,-
-,-,-,-
-,-,-,-
-,-,-,-
-,-,-,-
-,-,-,-
-,-,-,-
-,-,-,-
-,-,-,-
-,-,-,-
-,-,-,-
-,-,-,-
-,-,-,-
-,-,-,-
-,-,-,-
-,-,-,-
-,-,-,-
-,-,-,-
-,-,-,-
-,-,-,-
-,-,-,-
-,-,-,-
-,-,-,-
-,-,-,-
-,-,-,-
-,-,-,-
-,-,-,-
-,-,-,-
-,-,-,-
-,-,-,-
-,-,-,-
-,-,-,-
-,-,-,-
-,-,-,-
-,-,-,-
-,-,-,-
-,-,-,-
-,-,-,-
-,-,-,-
-,-,-,-
-,-,-,-
-,-,-,-
-,-,-,-
-,-,-,-
-,-,-,-
-,-,-,-
-,-,-,-
-,-,-,-
-,-,-,-
-,-,-,-
-,-,-,-
-,-,-,-
-,-,-,-
-,-,-,-
-,-,-,-
-,-,-,-
-,-,-,-
-,-,-,-
-,-,-,-
-,-,-,-
-,-,-,-
-,-,-,-
-,-,-,-
-,-,-,-
-,-,-,-
-,-,-,-
-,-,-,-
-,-,-,-
-,-,-,-
-,-,-,-
-,-,-,-
-,-,-,-
-,-,-,-
-,-,-,-
-,-,-,-
-,-,-,-
-,-,-,-
-,-,-,-
-,-,-,-
-,-,-,-
-,-,-,-
-,-,-,-
-,-,-,-
-,-,-,-
-,-,-,-
-,-,-,-
-,-,-,-
-,-,-,-
-,-,-,-
-,-,-,-
-,-,-,-
-,-,-,-
-,-,-,-
-,-,-,-
-,-,-,-
-,-,-,-
-,-,-,-
-,-,-,-
-,-,-,-
-,-,-,-
-,-,-,-
-,-,-,-
-,-,-,-
-,-,-,-
-,-,-,-
-,-,-,-
-,-,-,-
-,-,-,-
-,-,-,-
-,-,-,-
-,-,-,-
-,-,-,-
-,-,-,-
-,-,-,-
-,-,-,-
-,-,-,-
-,-,-,-
-,-,-,-
-,-,-,-
-,-,-,-
-,-,-,-
-,-,-,-
-,-,-,-
-,-,-,-
-,-,-,-
-,-,-,-
-,-,-,-
-,-,-,-
-,-,-,-
-,-,-,-
-,-,-,-
-,-,-,-
-,-,-,-
-,-,-,-
-,-,-,-
-,-,-,-
-,-,-,-
-,-,-,-
-,-,-,-
-,-,-,-
-,-,-,-
-,-,-,-
-,-,-,-
-,-,-,-
-,-,-,-
-,-,-,-
-,-,-,-
-,-,-,-
-,-,-,-
-,-,-,-
-,-,-,-
-,-,-,-
-,-,-,-
-,-,-,-
-,-,-,-
-,-,-,-
-,-,-,-
-,-,-,-
-,-,-,-
-,-,-,-
-,-,-,-
-,-,-,-
-,-,-,-
-,-,-,-
-,-,-,-
-,-,-,-
-,-,-,-
-,-,-,-
-,-,-,-
-,-,-,-
-,-,-,-
-,-,-,-
-,-,-,-
-,-,-,-
-,-,-,-
-,-,-,-
-,-,-,-
-,-,-,-
-,-,-,-
-,-,-,-
-,-,-,-
-,-,-,-
-,-,-,-
-,-,-,-
-,-,-,-
-,-,-,-
-,-,-,-
-,-,-,-
-,-,-,-
-,-,-,-
-,-,-,-
-,-,-,-
-,-,-,-
-,-,-,-
-,-,-,-
-,-,-,-
-,-,-,-
-,-,-,-
-,-,-,-
-,-,-,-
-,-,-,-
-,-,-,-
-,-,-,-
-,-,-,-
-,-,-,-
-,-,-,-
-,-,-,-
-,-,-,-
-,-,-,-
-,-,-,-
-,-,-,-
-,-,-,-
-,-,-,-
-,-,-,-
-,-,-,-
-,-,-,-
-,-,-,-
-,-,-,-
-,-,-,-
-,-,-,-
-,-,-,-
-,-,-,-
-,-,-,-
-,-,-,-
-,-,-,-
-,-,-,-
-,-,-,-
-,-,-,-
-,-,-,-
-,-,-,-
-,-,-,-
-,-,-,-
-,-,-,-
-,-,-,-
-,-,-,-
-,-,-,-
-,-,-,-
-,-,-,-
-,-,-,-
-,-,-,-
-,-,-,-
-,-,-,-
-,-,-,-
-,-,-,-
-,-,-,-
-,-,-,-
-,-,-,-
-,-,-,-
-,-,-,-
-,-,-,-
-,-,-,-
-,-,-,-
-,-,-,-
-,-,-,-
-,-,-,-
-,-,-,-
-,-,-,-
-,-,-,-
-,-,-,-
-,-,-,-
-,-,-,-
-,-,-,-
-,-,-,-
-,-,-,-
-,-,-,-
-,-,-,-
-,-,-,-
-,-,-,-
-,-,-,-
-,-,-,-
-,-,-,-
-,-,-,-
-,-,-,-
-,-,-,-
-,-,-,-
-,-,-,-
-,-,-,-
-,-,-,-
-,-,-,-
-,-,-,-
-,-,-,-
-,-,-,-
-,-,-,-
-,-,-,-
-,-,-,-
-,-,-,-
-,-,-,-
-,-,-,-
-,-,-,-
-,-,-,-
-,-,-,-
-,-,-,-
-,-,-,-
-,-,-,-
-,-,-,-
-,-,-,-
-,-,-,-
-,-,-,-
-,-,-,-
-,-,-,-
-,-,-,-
-,-,-,-
-,-,-,-
-,-,-,-
-,-,-,-
-,-,-,-
-,-,-,-
-,-,-,-
-,-,-,-
-,-,-,-
-,-,-,-
-,-,-,-
-,-,-,-
-,-,-,-
-,-,-,-
-,-,-,-
-,-,-,-
-,-,-,-
-,-,-,-
-,-,-,-
-,-,-,-
-,-,-,-
-,-,-,-
-,-,-,-
-,-,-,-
-,-,-,-
-,-,-,-
-,-,-,-
-,-,-,-
-,-,-,-
-,-,-,-
-,-,-,-
-,-,-,-
-,-,-,-
-,-,-,-
-,-,-,-
-,-,-,-
-,-,-,-
-,-,-,-
-,-,-,-
-,-,-,-
-,-,-,-
-,-,-,-
-,-,-,-
-,-,-,-
-,-,-,-
-,-,-,-
-,-,-,-
-,-,-,-
-,-,-,-
-,-,-,-
-,-,-,-
-,-,-,-
-,-,-,-
-,-,-,-
-,-,-,-
-,-,-,-
-,-,-,-
-,-,-,-
-,-,-,-
-,-,-,-
-,-,-,-
-,-,-,-
-,-,-,-
-,-,-,-
-,-,-,-
-,-,-,-
-,-,-,-
-,-,-,-
-,-,-,-
-,-,-,-
-,-,-,-
-,-,-,-
-,-,-,-
-,-,-,-
-,-,-,-
-,-,-,-
-,-,-,-
-,-,-,-
-,-,-,-
-,-,-,-
-,-,-,-
-,-,-,-
-,-,-,-
-,-,-,-
-,-,-,-
-,-,-,-
-,-,-,-
-,-,-,-
-,-,-,-
-,-,-,-
-,-,-,-
-,-,-,-
-,-,-,-
-,-,-,-
-,-,-,-
-,-,-,-
-,-,-,-
-,-,-,-
-,-,-,-
-,-,-,-
-,-,-,-
-,-,-,-
-,-,-,-
-,-,-,-
-,-,-,-
-,-,-,-
-,-,-,-
-,-,-,-
-,-,-,-
-,-,-,-
-,-,-,-
-,-,-,-
-,-,-,-
-,-,-,-
-,-,-,-
-,-,-,-
-,-,-,-
-,-,-,-
-,-,-,-
-,-,-,-
-,-,-,-
-,-,-,-
-,-,-,-
-,-,-,-
-,-,-,-
-,-,-,-
-,-,-,-
-,-,-,-
-,-,-,-
-,-,-,-
-,-,-,-
-,-,-,-
-,-,-,-
-,-,-,-
-,-,-,-
-,-,-,-
-,-,-,-
-,-,-,-
-,-,-,-
-,-,-,-
-,-,-,-
-,-,-,-
-,-,-,-
-,-,-,-
-,-,-,-
-,-,-,-
-,-,-,-
-,-,-,-
-,-,-,-
-,-,-,-
-,-,-,-
-,-,-,-
-,-,-,-
-,-,-,-
-,-,-,-
-,-,-,-
-,-,-,-
-,-,-,-
-,-,-,-
-,-,-,-
-,-,-,-
-,-,-,-
-,-,-,-
-,-,-,-
-,-,-,-
-,-,-,-
-,-,-,-
-,-,-,-
-,-,-,-
-,-,-,-
-,-,-,-
-,-,-,-
-,-,-,-
-,-,-,-
-,-,-,-
-,-,-,-
-,-,-,-
-,-,-,-
-,-,-,-
-,-,-,-
-,-,-,-
-,-,-,-
-,-,-,-
-,-,-,-
-,-,-,-
-,-,-,-
-,-,-,-
-,-,-,-
-,-,-,-
-,-,-,-
-,-,-,-
-,-,-,-
-,-,-,-
-,-,-,-
-,-,-,-
-,-,-,-
-,-,-,-
-,-,-,-
-,-,-,-
-,-,-,-
-,-,-,-
-,-,-,-
-,-,-,-
-,-,-,-
-,-,-,-
-,-,-,-
-,-,-,-
-,-,-,-
-,-,-,-
-,-,-,-
-,-,-,-
-,-,-,-
-,-,-,-
-,-,-,-
-,-,-,-
-,-,-,-
-,-,-,-
-,-,-,-
-,-,-,-
-,-,-,-
-,-,-,-
-,-,-,-
-,-,-,-
-,-,-,-
-,-,-,-
-,-,-,-
-,-,-,-
-,-,-,-
-,-,-,-
-,-,-,-
-,-,-,-
-,-,-,-
-,-,-,-
-,-,-,-
-,-,-,-
-,-,-,-
-,-,-,-
-,-,-,-
-,-,-,-
-,-,-,-
-,-,-,-
-,-,-,-
-,-,-,-
-,-,-,-
-,-,-,-
-,-,-,-
-,-,-,-
-,-,-,-
-,-,-,-
-,-,-,-
-,-,-,-
-,-,-,-
-,-,-,-
-,-,-,-
-,-,-,-
-,-,-,-
-,-,-,-
-,-,-,-
-,-,-,-
-,-,-,-
-,-,-,-
-,-,-,-
-,-,-,-
-,-,-,-
-,-,-,-
-,-,-,-
-,-,-,-
-,-,-,-
-,-,-,-
-,-,-,-
-,-,-,-
-,-,-,-
-,-,-,-
-,-,-,-
-,-,-,-
-,-,-,-
-,-,-,-
-,-,-,-
-,-,-,-
-,-,-,-
-,-,-,-
-,-,-,-
-,-,-,-
-,-,-,-
-,-,-,-
-,-,-,-
-,-,-,-
-,-,-,-
-,-,-,-
-,-,-,-
-,-,-,-
-,-,-,-
-,-,-,-
-,-,-,-
-,-,-,-
-,-,-,-
-,-,-,-
-,-,-,-
-,-,-,-
-,-,-,-
-,-,-,-
-,-,-,-
-,-,-,-
-,-,-,-
-,-,-,-
-,-,-,-
-,-,-,-
-,-,-,-
-,-,-,-
-,-,-,-
-,-,-,-
-,-,-,-
-,-,-,-
-,-,-,-
-,-,-,-
-,-,-,-
-,-,-,-
-,-,-,-
-,-,-,-
-,-,-,-
-,-,-,-
-,-,-,-
-,-,-,-
-,-,-,-
-,-,-,-
-,-,-,-
-,-,-,-
-,-,-,-
-,-,-,-
-,-,-,-
-,-,-,-
-,-,-,-
-,-,-,-
-,-,-,-
-,-,-,-
-,-,-,-
-,-,-,-
-,-,-,-
-,-,-,-
-,-,-,-
-,-,-,-
-,-,-,-
-,-,-,-
-,-,-,-
-,-,-,-
-,-,-,-
-,-,-,-
-,-,-,-
-,-,-,-
-,-,-,-
-,-,-,-
-,-,-,-
-,-,-,-
-,-,-,-
-,-,-,-
-,-,-,-
-,-,-,-
-,-,-,-
-,-,-,-
-,-,-,-
-,-,-,-
-,-,-,-
-,-,-,-
-,-,-,-
-,-,-,-
-,-,-,-
-,-,-,-
-,-,-,-
-,-,-,-
-,-,-,-
-,-,-,-
-,-,-,-
-,-,-,-
-,-,-,-
-,-,-,-
-,-,-,-
-,-,-,-
-,-,-,-
-,-,-,-
-,-,-,-
-,-,-,-
-,-,-,-
-,-,-,-
-,-,-,-
-,-,-,-
-,-,-,-
-,-,-,-
-,-,-,-
-,-,-,-
-,-,-,-
-,-,-,-
-,-,-,-
-,-,-,-
-,-,-,-
-,-,-,-
-,-,-,-
-,-,-,-
-,-,-,-
-,-,-,-
-,-,-,-
-,-,-,-
-,-,-,-
-,-,-,-
-,-,-,-
-,-,-,-
-,-,-,-
-,-,-,-
-,-,-,-
-,-,-,-
-,-,-,-
-,-,-,-
-,-,-,-
-,-,-,-
-,-,-,-
-,-,-,-
-,-,-,-
-,-,-,-
-,-,-,-
-,-,-,-
-,-,-,-
-,-,-,-
-,-,-,-
-,-,-,-
-,-,-,-
-,-,-,-
-,-,-,-
-,-,-,-
-,-,-,-
-,-,-,-
-,-,-,-
-,-,-,-
-,-,-,-
-,-,-,-
-,-,-,-
-,-,-,-
-,-,-,-
-,-,-,-
-,-,-,-
-,-,-,-
-,-,-,-
-,-,-,-
-,-,-,-
-,-,-,-
-,-,-,-
-,-,-,-
-,-,-,-
-,-,-,-
-,-,-,-
-,-,-,-
-,-,-,-
-,-,-,-
-,-,-,-
-,-,-,-
-,-,-,-
-,-,-,-
-,-,-,-
-,-,-,-
-,-,-,-
-,-,-,-
-,-,-,-
-,-,-,-
-,-,-,-
-,-,-,-
-,-,-,-
-,-,-,-
-,-,-,-
-,-,-,-
-,-,-,-
-,-,-,-
-,-,-,-
-,-,-,-
-,-,-,-
-,-,-,-
-,-,-,-
-,-,-,-
-,-,-,-
-,-,-,-
-,-,-,-
-,-,-,-
-,-,-,-
-,-,-,-
-,-,-,-
-,-,-,-
-,-,-,-
-,-,-,-
-,-,-,-
-,-,-,-
-,-,-,-
-,-,-,-
-,-,-,-
-,-,-,-
-,-,-,-
-,-,-,-
-,-,-,-
-,-,-,-
-,-,-,-
-,-,-,-
-,-,-,-
-,-,-,-
-,-,-,-
-,-,-,-
-,-,-,-
-,-,-,-
-,-,-,-
-,-,-,-
-,-,-,-
-,-,-,-
-,-,-,-
-,-,-,-
-,-,-,-
-,-,-,-
-,-,-,-
-,-,-,-
-,-,-,-
-,-,-,-
-,-,-,-
-,-,-,-
-,-,-,-
-,-,-,-
-,-,-,-
-,-,-,-
-,-,-,-
-,-,-,-
-,-,-,-
-,-,-,-
-,-,-,-
-,-,-,-
-,-,-,-
-,-,-,-
-,-,-,-
-,-,-,-
-,-,-,-
-,-,-,-
-,-,-,-
-,-,-,-
-,-,-,-
-,-,-,-
-,-,-,-
-,-,-,-
-,-,-,-
-,-,-,-
-,-,-,-
-,-,-,-
-,-,-,-
-,-,-,-
-,-,-,-
-,-,-,-
-,-,-,-
-,-,-,-
-,-,-,-
-,-,-,-
-,-,-,-
-,-,-,-
-,-,-,-
-,-,-,-
-,-,-,-
-,-,-,-
-,-,-,-
-,-,-,-
-,-,-,-
-,-,-,-
-,-,-,-
-,-,-,-
-,-,-,-
-,-,-,-
-,-,-,-
-,-,-,-
-,-,-,-
-,-,-,-
-,-,-,-
-,-,-,-
-,-,-,-
-,-,-,-
-,-,-,-
-,-,-,-
-,-,-,-
-,-,-,-
-,-,-,-
-,-,-,-
-,-,-,-
-,-,-,-
-,-,-,-
-,-,-,-
-,-,-,-
-,-,-,-
-,-,-,-
-,-,-,-
-,-,-,-
-,-,-,-
-,-,-,-
-,-,-,-
-,-,-,-
-,-,-,-
-,-,-,-
-,-,-,-
-,-,-,-
-,-,-,-
-,-,-,-
-,-,-,-
-,-,-,-
-,-,-,-
NONHSAT084512.2,schizophrenia,chr22,23628989
-,-,-,-
-,-,-,-
-,-,-,-
-,-,-,-
-,-,-,-
-,-,-,-
-,-,-,-
-,-,-,-
-,-,-,-
-,-,-,-
-,-,-,-
-,-,-,-
-,-,-,-
-,-,-,-
-,-,-,-
-,-,-,-
-,-,-,-
-,-,-,-
-,-,-,-
-,-,-,-
-,-,-,-
-,-,-,-
-,-,-,-
-,-,-,-
-,-,-,-
-,-,-,-
-,-,-,-
-,-,-,-
-,-,-,-
-,-,-,-
-,-,-,-
-,-,-,-
-,-,-,-
-,-,-,-
-,-,-,-
-,-,-,-
-,-,-,-
-,-,-,-
-,-,-,-
-,-,-,-
-,-,-,-
-,-,-,-
-,-,-,-
-,-,-,-
-,-,-,-
-,-,-,-
-,-,-,-
-,-,-,-
-,-,-,-
-,-,-,-
-,-,-,-
-,-,-,-
-,-,-,-
-,-,-,-
-,-,-,-
-,-,-,-
-,-,-,-
-,-,-,-
-,-,-,-
-,-,-,-
-,-,-,-
-,-,-,-
-,-,-,-
-,-,-,-
-,-,-,-
-,-,-,-
-,-,-,-
-,-,-,-
-,-,-,-
-,-,-,-
-,-,-,-
-,-,-,-
-,-,-,-
-,-,-,-
-,-,-,-
-,-,-,-
-,-,-,-
-,-,-,-
-,-,-,-
-,-,-,-
-,-,-,-
-,-,-,-
-,-,-,-
-,-,-,-
-,-,-,-
-,-,-,-
-,-,-,-
-,-,-,-
-,-,-,-
-,-,-,-
-,-,-,-
-,-,-,-
-,-,-,-
-,-,-,-
-,-,-,-
-,-,-,-
-,-,-,-
-,-,-,-
-,-,-,-
-,-,-,-
-,-,-,-
-,-,-,-
-,-,-,-
-,-,-,-
-,-,-,-
-,-,-,-
-,-,-,-
-,-,-,-
-,-,-,-
-,-,-,-
-,-,-,-
-,-,-,-
-,-,-,-
-,-,-,-
-,-,-,-
-,-,-,-
-,-,-,-
-,-,-,-
-,-,-,-
-,-,-,-
-,-,-,-
-,-,-,-
-,-,-,-
-,-,-,-
-,-,-,-
-,-,-,-
-,-,-,-
-,-,-,-
-,-,-,-
-,-,-,-
-,-,-,-
-,-,-,-
-,-,-,-
-,-,-,-
-,-,-,-
-,-,-,-
-,-,-,-
-,-,-,-
-,-,-,-
-,-,-,-
-,-,-,-
-,-,-,-
-,-,-,-
-,-,-,-
-,-,-,-
-,-,-,-
-,-,-,-
-,-,-,-
-,-,-,-
-,-,-,-
-,-,-,-
-,-,-,-
-,-,-,-
-,-,-,-
-,-,-,-
-,-,-,-
-,-,-,-
-,-,-,-
-,-,-,-
-,-,-,-
-,-,-,-
-,-,-,-
-,-,-,-
-,-,-,-
-,-,-,-
-,-,-,-
-,-,-,-
-,-,-,-
-,-,-,-
-,-,-,-
-,-,-,-
-,-,-,-
-,-,-,-
-,-,-,-
-,-,-,-
-,-,-,-
-,-,-,-
-,-,-,-
-,-,-,-
-,-,-,-
-,-,-,-
-,-,-,-
-,-,-,-
-,-,-,-
-,-,-,-
-,-,-,-
-,-,-,-
-,-,-,-
-,-,-,-
-,-,-,-
-,-,-,-
-,-,-,-
-,-,-,-
-,-,-,-
-,-,-,-
-,-,-,-
-,-,-,-
-,-,-,-
-,-,-,-
-,-,-,-
-,-,-,-
-,-,-,-
-,-,-,-
-,-,-,-
-,-,-,-
-,-,-,-
-,-,-,-
-,-,-,-
-,-,-,-
-,-,-,-
-,-,-,-
-,-,-,-
-,-,-,-
-,-,-,-
-,-,-,-
-,-,-,-
-,-,-,-
-,-,-,-
-,-,-,-
-,-,-,-
-,-,-,-
-,-,-,-
-,-,-,-
-,-,-,-
-,-,-,-
-,-,-,-
-,-,-,-
-,-,-,-
-,-,-,-
-,-,-,-
-,-,-,-
-,-,-,-
-,-,-,-
-,-,-,-
-,-,-,-
-,-,-,-
-,-,-,-
-,-,-,-
-,-,-,-
-,-,-,-
-,-,-,-
-,-,-,-
-,-,-,-
-,-,-,-
-,-,-,-
-,-,-,-
-,-,-,-
-,-,-,-
-,-,-,-
-,-,-,-
-,-,-,-
-,-,-,-
-,-,-,-
-,-,-,-
-,-,-,-
-,-,-,-
-,-,-,-
-,-,-,-
-,-,-,-
-,-,-,-
-,-,-,-
-,-,-,-
-,-,-,-
-,-,-,-
-,-,-,-
-,-,-,-
-,-,-,-
-,-,-,-
-,-,-,-
-,-,-,-
-,-,-,-
-,-,-,-
-,-,-,-
-,-,-,-
-,-,-,-
-,-,-,-
-,-,-,-
-,-,-,-
-,-,-,-
-,-,-,-
-,-,-,-
-,-,-,-
-,-,-,-
-,-,-,-
-,-,-,-
-,-,-,-
-,-,-,-
-,-,-,-
-,-,-,-
-,-,-,-
-,-,-,-
-,-,-,-
-,-,-,-
-,-,-,-
-,-,-,-
-,-,-,-
-,-,-,-
-,-,-,-
-,-,-,-
-,-,-,-
-,-,-,-
-,-,-,-
-,-,-,-
-,-,-,-
-,-,-,-
-,-,-,-
-,-,-,-
-,-,-,-
-,-,-,-
-,-,-,-
-,-,-,-
-,-,-,-
-,-,-,-
-,-,-,-
-,-,-,-
-,-,-,-
-,-,-,-
-,-,-,-
-,-,-,-
-,-,-,-
-,-,-,-
-,-,-,-
-,-,-,-
-,-,-,-
-,-,-,-
-,-,-,-
-,-,-,-
-,-,-,-
-,-,-,-
-,-,-,-
-,-,-,-
-,-,-,-
-,-,-,-
-,-,-,-
-,-,-,-
-,-,-,-
-,-,-,-
-,-,-,-
-,-,-,-
-,-,-,-
-,-,-,-
-,-,-,-
-,-,-,-
-,-,-,-
-,-,-,-
-,-,-,-
-,-,-,-
-,-,-,-
-,-,-,-
-,-,-,-
-,-,-,-
-,-,-,-
-,-,-,-
-,-,-,-
-,-,-,-
-,-,-,-
-,-,-,-
-,-,-,-
-,-,-,-
-,-,-,-
-,-,-,-
-,-,-,-
-,-,-,-
-,-,-,-
-,-,-,-
-,-,-,-
-,-,-,-
-,-,-,-
-,-,-,-
-,-,-,-
-,-,-,-
-,-,-,-
-,-,-,-
-,-,-,-
-,-,-,-
-,-,-,-
-,-,-,-
-,-,-,-
-,-,-,-
-,-,-,-
-,-,-,-
-,-,-,-
-,-,-,-
-,-,-,-
-,-,-,-
-,-,-,-
-,-,-,-
-,-,-,-
-,-,-,-
-,-,-,-
-,-,-,-
-,-,-,-
-,-,-,-
-,-,-,-
-,-,-,-
-,-,-,-
-,-,-,-
-,-,-,-
-,-,-,-
-,-,-,-
-,-,-,-
-,-,-,-
-,-,-,-
-,-,-,-
-,-,-,-
-,-,-,-
-,-,-,-
-,-,-,-
-,-,-,-
-,-,-,-
-,-,-,-
-,-,-,-
-,-,-,-
-,-,-,-
-,-,-,-
-,-,-,-
-,-,-,-
-,-,-,-
-,-,-,-
-,-,-,-
-,-,-,-
-,-,-,-
-,-,-,-
-,-,-,-
-,-,-,-
-,-,-,-
-,-,-,-
-,-,-,-
-,-,-,-
-,-,-,-
-,-,-,-
-,-,-,-
-,-,-,-
-,-,-,-
-,-,-,-
-,-,-,-
-,-,-,-
-,-,-,-
-,-,-,-
-,-,-,-
-,-,-,-
-,-,-,-
-,-,-,-
-,-,-,-
-,-,-,-
-,-,-,-
-,-,-,-
-,-,-,-
-,-,-,-
-,-,-,-
-,-,-,-
-,-,-,-
-,-,-,-
-,-,-,-
-,-,-,-
-,-,-,-
-,-,-,-
-,-,-,-
-,-,-,-
-,-,-,-
-,-,-,-
-,-,-,-
-,-,-,-
-,-,-,-
-,-,-,-
-,-,-,-
-,-,-,-
-,-,-,-
-,-,-,-
-,-,-,-
-,-,-,-
-,-,-,-
-,-,-,-
-,-,-,-
-,-,-,-
-,-,-,-
-,-,-,-
-,-,-,-
-,-,-,-
-,-,-,-
-,-,-,-
-,-,-,-
-,-,-,-
-,-,-,-
-,-,-,-
-,-,-,-
-,-,-,-
-,-,-,-
-,-,-,-
-,-,-,-
-,-,-,-
-,-,-,-
-,-,-,-
-,-,-,-
-,-,-,-
-,-,-,-
-,-,-,-
-,-,-,-
-,-,-,-
-,-,-,-
-,-,-,-
-,-,-,-
-,-,-,-
-,-,-,-
-,-,-,-
-,-,-,-
-,-,-,-
-,-,-,-
-,-,-,-
-,-,-,-
-,-,-,-
-,-,-,-
-,-,-,-
-,-,-,-
-,-,-,-
-,-,-,-
-,-,-,-
-,-,-,-
-,-,-,-
-,-,-,-
-,-,-,-
-,-,-,-
-,-,-,-
-,-,-,-
-,-,-,-
-,-,-,-
-,-,-,-
-,-,-,-
-,-,-,-
-,-,-,-
-,-,-,-
-,-,-,-
-,-,-,-
-,-,-,-
-,-,-,-
-,-,-,-
-,-,-,-
-,-,-,-
-,-,-,-
-,-,-,-
-,-,-,-
-,-,-,-
-,-,-,-
-,-,-,-
-,-,-,-
-,-,-,-
-,-,-,-
-,-,-,-
-,-,-,-
-,-,-,-
-,-,-,-
-,-,-,-
-,-,-,-
-,-,-,-
-,-,-,-
-,-,-,-
-,-,-,-
-,-,-,-
-,-,-,-
-,-,-,-
-,-,-,-
-,-,-,-
-,-,-,-
-,-,-,-
-,-,-,-
-,-,-,-
-,-,-,-
-,-,-,-
-,-,-,-
-,-,-,-
-,-,-,-
-,-,-,-
-,-,-,-
-,-,-,-
-,-,-,-
-,-,-,-
-,-,-,-
-,-,-,-
-,-,-,-
-,-,-,-
-,-,-,-
-,-,-,-
-,-,-,-
-,-,-,-
-,-,-,-
-,-,-,-
-,-,-,-
-,-,-,-
-,-,-,-
-,-,-,-
-,-,-,-
-,-,-,-
-,-,-,-
-,-,-,-
-,-,-,-
-,-,-,-
-,-,-,-
-,-,-,-
-,-,-,-
-,-,-,-
-,-,-,-
-,-,-,-
-,-,-,-
-,-,-,-
-,-,-,-
